{"exp_A": {"z=1": {"standard": {"0.0": {"precision": 0.6608187134502924, "recall": 0.710691823899371, "f1-score": 0.6848484848484848, "support": 159}, "1.0": {"precision": 0.7850467289719626, "recall": 0.7433628318584071, "f1-score": 0.7636363636363637, "support": 226}, "accuracy": 0.7298701298701299, "macro avg": {"precision": 0.7229327212111275, "recall": 0.727027327878889, "f1-score": 0.7242424242424242, "support": 385}, "weighted avg": {"precision": 0.7337421719123638, "recall": 0.7298701298701299, "f1-score": 0.7310979929161748, "support": 385}}, "drdr": {"# true open instance": 4, "# false open instance": 0, "true open time": "2 days 22:15:00", "false open time": "1 days 02:00:00", "bounded acc": 0.5, "unbounded acc": -2.19}, "custom": {"hits/guesses": 0.333, "hits/actions": 0.231, "(hits + near hits)/guesses": 1.0, "(hits + near hits)/actions": 0.692, "misses/guesses": 0.0, "guesses/actions": 0.692, "actions": 13, "guesses": 9, "hits": 3, "near_hits": 6, "miss": 0}}, "z=2": {"standard": {"0.0": {"precision": 0.6410256410256411, "recall": 0.31446540880503143, "f1-score": 0.4219409282700422, "support": 159}, "1.0": {"precision": 0.6449511400651465, "recall": 0.8761061946902655, "f1-score": 0.7429643527204501, "support": 226}, "accuracy": 0.6441558441558441, "macro avg": {"precision": 0.6429883905453938, "recall": 0.5952858017476484, "f1-score": 0.5824526404952461, "support": 385}, "weighted avg": {"precision": 0.6433299599423378, "recall": 0.6441558441558441, "f1-score": 0.6103858475578142, "support": 385}}, "drdr": {"# true open instance": 4, "# false open instance": 1, "true open time": "2 days 14:00:00", "false open time": "1 days 10:15:00", "bounded acc": 0.602, "unbounded acc": -0.19}, "custom": {"hits/guesses": 0.273, "hits/actions": 0.231, "(hits + near hits)/guesses": 0.636, "(hits + near hits)/actions": 0.538, "misses/guesses": 0.364, "guesses/actions": 0.846, "actions": 13, "guesses": 11, "hits": 3, "near_hits": 4, "miss": 4}}}, "exp_B": {"z=1": {"standard": {"0.0": {"precision": 0.09090909090909091, "recall": 0.6805555555555556, "f1-score": 0.16039279869067102, "support": 72}, "1.0": {"precision": 0.9729093050647821, "recall": 0.6276595744680851, "f1-score": 0.7630484988452655, "support": 1316}, "accuracy": 0.6304034582132565, "macro avg": {"precision": 0.5319091979869365, "recall": 0.6541075650118203, "f1-score": 0.46172064876796826, "support": 1388}, "weighted avg": {"precision": 0.9271571325725559, "recall": 0.6304034582132565, "f1-score": 0.7317868198747102, "support": 1388}}, "drdr": {"# true open instance": 11, "# false open instance": 0, "true open time": "9 days 02:45:00", "false open time": "5 days 08:15:00", "bounded acc": 0.0, "unbounded acc": -158.42}, "custom": {"hits/guesses": 0.043, "hits/actions": 0.125, "(hits + near hits)/guesses": 0.478, "(hits + near hits)/actions": 1.375, "misses/guesses": 0.522, "guesses/actions": 2.875, "actions": 8, "guesses": 23, "hits": 1, "near_hits": 10, "miss": 12}}, "z=2": {"standard": {"0.0": {"precision": 0.0136986301369863, "recall": 0.013888888888888888, "f1-score": 0.013793103448275862, "support": 72}, "1.0": {"precision": 0.9460076045627377, "recall": 0.9452887537993921, "f1-score": 0.9456480425693653, "support": 1316}, "accuracy": 0.8969740634005764, "macro avg": {"precision": 0.479853117349862, "recall": 0.4795888213441405, "f1-score": 0.4797205730088206, "support": 1388}, "weighted avg": {"precision": 0.8976457557452635, "recall": 0.8969740634005764, "f1-score": 0.8973097460155335, "support": 1388}}, "drdr": {"# true open instance": 9, "# false open instance": 0, "true open time": "12 days 23:15:00", "false open time": "1 days 11:45:00", "bounded acc": 0.18182, "unbounded acc": -123.02}, "custom": {"hits/guesses": 0.105, "hits/actions": 0.25, "(hits + near hits)/guesses": 0.368, "(hits + near hits)/actions": 0.875, "misses/guesses": 0.632, "guesses/actions": 2.375, "actions": 8, "guesses": 19, "hits": 2, "near_hits": 5, "miss": 12}}}, "exp_C": {"z=1": {"standard": {"0.0": {"precision": 0.22085889570552147, "recall": 0.5625, "f1-score": 0.3171806167400881, "support": 64}, "1.0": {"precision": 0.7777777777777778, "recall": 0.43555555555555553, "f1-score": 0.5584045584045584, "support": 225}, "accuracy": 0.46366782006920415, "macro avg": {"precision": 0.4993183367416496, "recall": 0.49902777777777774, "f1-score": 0.4377925875723232, "support": 289}, "weighted avg": {"precision": 0.6544462606406691, "recall": 0.46366782006920415, "f1-score": 0.5049847235722881, "support": 289}}, "drdr": {"# true open instance": 3, "# false open instance": 0, "true open time": "1 days 09:30:00", "false open time": "1 days 14:45:00", "bounded acc": 0.16667, "unbounded acc": -21.06}, "custom": {"hits/guesses": 0.143, "hits/actions": 0.125, "(hits + near hits)/guesses": 0.571, "(hits + near hits)/actions": 0.5, "misses/guesses": 0.429, "guesses/actions": 0.875, "actions": 8, "guesses": 7, "hits": 1, "near_hits": 3, "miss": 3}}, "z=2": {"standard": {"0.0": {"precision": 0.25098039215686274, "recall": 1.0, "f1-score": 0.4012539184952978, "support": 64}, "1.0": {"precision": 1.0, "recall": 0.1511111111111111, "f1-score": 0.2625482625482625, "support": 225}, "accuracy": 0.3391003460207612, "macro avg": {"precision": 0.6254901960784314, "recall": 0.5755555555555556, "f1-score": 0.3319010905217802, "support": 289}, "weighted avg": {"precision": 0.8341271456679558, "recall": 0.3391003460207612, "f1-score": 0.29326508601058177, "support": 289}}, "drdr": {"# true open instance": 4, "# false open instance": 0, "true open time": "1 days 00:30:00", "false open time": "1 days 23:45:00", "bounded acc": 0.0, "unbounded acc": -24.49}, "custom": {"hits/guesses": 0.222, "hits/actions": 0.25, "(hits + near hits)/guesses": 0.556, "(hits + near hits)/actions": 0.625, "misses/guesses": 0.444, "guesses/actions": 1.125, "actions": 8, "guesses": 9, "hits": 2, "near_hits": 3, "miss": 4}}}}